{
  "name": "academic_session_master",
  "base": "PersistedModel",
  "idInjection": true,
  "options": {
    "validateUpsert": true
  },
  "properties": {
    "session_name": {
      "type": "string",
      "required": true
    },
    "start_date": {
      "type": "date",
      "required": true
    },
    "end_date": {
      "type": "date",
      "required": true
    },
    "added_date": {
      "type": "date",
      "required": true
    },
    "added_by": {
      "type": "number",
      "required": true
    },
    "status": {
      "type": "number",
      "required": true,
      "default": 1
    }
  },
  "validations": [],
  "relations": {},
  "acls": [],
  "methods": {}
}
