{"name":"announcement","base":"PersistedModel","idInjection":true,"options":{"validateUpsert":true},"properties":{"type":{"type":"string","required":true},"title":{"type":"string"},"description":{"type":"Text"},"attachments":{"type":"Text"},"start_date":{"type":"date","required":true},"end_date":{"type":"date","required":true},"status":{"type":"string","required":true,"index":true,"default":"Active"},"created_date":{"type":"date","dataType":"timestamp","defaultFn":"now"},"userId":{"type":"number","index":true}},"validations":[],"relations":{"announcements":{"type":"hasMany","model":"announcement_assign","foriegnKey":"announcementId"},"createdBy":{"type":"belongsTo","model":"user","foreignKey":"userId"}},"acls":[],"methods":{}}
