{"name":"announcement_assign","plural":"announcement_assign","base":"PersistedModel","idInjection":true,"options":{"validateUpsert":true},"properties":{"userId":{"type":"number"},"user_type":{"type":"string","required":true},"announcementId":{"type":"number","required":true},"status":{"type":"string","required":true,"default":"Active"},"read_status":{"type":"number","required":true,"default":0},"schoolId":{"type":"number"},"is_parent":{"type":"number","required":true,"default":0}},"validations":[],"relations":{"announcement":{"type":"belongsTo","model":"announcement","foriegnKey":"announcementId"},"announcementUser":{"type":"belongsTo","model":"user","foreignKey":"userId"}},"acls":[],"methods":{}}
