{
    "name": "assign_term_fee",
    "plural": "assign_term_fee",
    "base": "PersistedModel",
    "idInjection": true,
    "options": {
        "validateUpsert": true
    },
    "properties": {
        "term_name_id": {
            "type": "number",
            "required": true
        },
        "fee_structure_term_id": {
            "type": "number",
            "required": true
        },
        "session_id": {
            "type": "number",
            "required": true
        },
        "fee_structure_id": {
            "type": "number",
            "required": true
        },
        "school_id": {
            "type": "number",
            "required": true
        },
        "status": {
            "type": "string",
            "required": true
        },
        "fee_head_id": {
            "type": "number",
            "required": true
        },
        "fee_type": {
            "type": "string"
        },
        "amount": {
            "type": "number"
        },
        "added_by": {
            "type": "number"
        },
        "added_date": {
            "type": "date"
        }
    },
    "validations": [],
    "relations": {
        "fee_head": {
            "type": "belongsTo",
            "model": "fee_head_master",
            "foreignKey": "fee_head_id"
        }
    },
    "acls": [],
    "methods": {}
}
