{"name":"attendance_timetable_detail","base":"PersistedModel","idInjection":true,"options":{"validateUpsert":true},"properties":{"timetable_master_id":{"type":"number","required":true},"day":{"type":"number","required":true},"period":{"type":"string"},"subject":{"type":"number","required":true},"faculty":{"type":"number"},"start_time":{"type":"string"},"end_time":{"type":"string"},"status":{"type":"number"}},"validations":[],"relations":{"subject_info":{"type":"belongsTo","model":"class_subject","foreignKey":"subject"},"staff_info":{"type":"hasOne","model":"staff","foreignKey":"userId"},"user_info":{"type":"belongsTo","model":"user","foreignKey":"faculty"}},"acls":[],"methods":{}}
