{"name":"attendance_timetable_master","base":"PersistedModel","idInjection":true,"options":{"validateUpsert":true},"properties":{"class_id":{"type":"number","required":true},"section_id":{"type":"number","required":true},"school_auto_id":{"type":"number","required":true},"status":{"type":"string","required":true},"added_date":{"type":"date","required":false,"dataType":"timestamp"},"modified_date":{"type":"date","dataType":"timestamp","defaultFn":"now"}},"validations":[],"relations":{"get_section_info":{"type":"belongsTo","model":"boards","foreignKey":"section_id"},"get_class_info":{"type":"belongsTo","model":"class","foreignKey":"class_id"},"get_school_info":{"type":"belongsTo","model":"school","foreignKey":"school_auto_id"},"attendance_details":{"type":"hasMany","model":"attendance_timetable_detail","foreignKey":"timetable_master_id"},"section":{"type":"belongsTo","model":"section","foreignKey":"section_id"}},"acls":[],"methods":{}}
