{"name":"doubts_master","base":"PersistedModel","idInjection":true,"options":{"validateUpsert":true},"properties":{"title":{"type":"string","required":true},"userId":{"type":"number","required":true},"subjectId":{"type":"number","required":true},"topic":{"type":"string","required":true},"enter_doubts":{"type":"string","required":true},"upload_file":{"type":"string","required":false},"facultyuserId":{"type":"number","required":false},"faculty_own_date":{"type":"date","required":false},"status":{"type":"string","required":false,"default":false},"schoolId":{"type":"number","required":false},"sessionId":{"type":"number","required":false},"sectionId":{"type":"number","required":false},"added_date":{"type":"date","dataType":"timestamp","defaultFn":"now"}},"validations":[],"relations":{"doubtsUser":{"type":"belongsTo","model":"user","foreignKey":"userId"},"doubtsStudentUser":{"type":"belongsTo","model":"student","foreignKey":"userId"},"doubtsSubject":{"type":"belongsTo","model":"subject","foreignKey":"subjectId"},"doubtsSolutioin":{"type":"hasOne","model":"doubts_solution","foreignKey":"doubtsId"},"doubtsFacultyUser":{"type":"belongsTo","model":"user","foreignKey":"facultyuserId"},"doubtsStudentDataUser":{"type":"belongsTo","model":"user","foreignKey":"userId"}},"acls":[],"methods":{}}
