{"name":"doubts_solution","base":"PersistedModel","idInjection":true,"options":{"validateUpsert":true},"properties":{"doubtsId":{"type":"number","required":true},"userId":{"type":"number","required":true},"solution":{"type":"string","required":true},"upload_file":{"type":"string","required":false},"schoolId":{"type":"number","required":false},"sessionId":{"type":"number","required":false},"added_date":{"type":"date","dataType":"timestamp","defaultFn":"now"}},"validations":[],"relations":{},"acls":[],"methods":{}}
