{"name":"expense_request","base":"Model","idInjection":true,"options":{"validateUpsert":true},"properties":{"id":{"type":"number","required":true},"session_id":{"type":"number","required":true},"center_id":{"type":"number","required":true},"expense_date":{"type":"date","required":true},"expense_for":{"type":"number","required":true},"expense_category":{"type":"number","required":true},"expense_master_id":{"type":"number","required":true},"payment_mode":{"type":"number"},"amount":{"type":"number","required":true},"gst_amount":{"type":"number"},"total_amount":{"type":"number"},"bill_doc":{"type":"string"},"status":{"type":"number","required":true},"approval_status":{"type":"number"},"expense_type":{"type":"number","required":true},"created_by":{"type":"number","required":true},"created_on":{"type":"date","required":true},"modified_by":{"type":"number"},"modified_on":{"type":"date"}},"validations":[],"relations":{"user":{"type":"belongsTo","model":"user","foreignKey":"created_by"},"expenseFor":{"type":"belongsTo","model":"expense_for","foreignKey":"expense_for"},"expenseCategory":{"type":"belongsTo","model":"expense_category_master","foreignKey":"expense_category"},"expenseMaster":{"type":"belongsTo","model":"expense_master","foreignKey":"expense_master_id"},"expenseMode":{"type":"belongsTo","model":"expense_payment_mode","foreignKey":"payment_mode"},"school":{"type":"belongsTo","model":"school","foreignKey":"center_id"}},"acls":[],"methods":{}}
