{"name":"expense_master","base":"Model","idInjection":true,"options":{"validateUpsert":true},"properties":{"id":{"type":"number","required":true},"expense_for":{"type":"number","required":true},"expense_category":{"type":"number","required":true},"expense_name":{"type":"string","required":true},"status":{"type":"number","required":true},"created_by":{"type":"number","required":true},"created_on":{"type":"date","required":true},"modified_by":{"type":"number"},"modified_on":{"type":"date"}},"validations":[],"relations":{"user":{"type":"belongsTo","model":"user","foreignKey":"created_by"},"expenseFor":{"type":"belongsTo","model":"expense_for","foreignKey":"expense_for"},"expenseCategory":{"type":"belongsTo","model":"expense_category_master","foreignKey":"expense_category"}},"acls":[],"methods":{}}
