{"name":"fee_refund_request_master","base":"PersistedModel","idInjection":true,"options":{"validateUpsert":true},"properties":{"student_id":{"type":"number","required":true},"user_id":{"type":"number","required":true},"school_id":{"type":"number","required":true},"session_id":{"type":"number","required":true},"total_refundable_amount":{"type":"number","dataType":"decimal","precision":10,"scale":2,"default":0},"mode_of_refund":{"type":"string","required":true},"cheque_to_be_name_of":{"type":"string"},"beneficiary_name":{"type":"string"},"account_number":{"type":"string"},"ifsc":{"type":"string"},"bank_name":{"type":"string"},"remarks":{"type":"string"},"refund_status":{"type":"string"},"requested_by":{"type":"number","required":true},"requested_date":{"type":"date"},"action_by":{"type":"number"},"action_date":{"type":"date"},"status":{"type":"string","required":true,"default":"Active"}},"validations":[],"relations":{"student":{"type":"belongsTo","model":"student","foreignKey":"student_id"}},"acls":[],"methods":{}}
