{"name":"fee_defaulter","base":"Model","idInjection":true,"options":{"validateUpsert":true},"properties":{"sectionId":{"type":"number"},"sessionId":{"type":"number"},"userId":{"type":"number"},"termId":{"type":"number"},"term_name":{"type":"string"},"term_name_id":{"type":"number"},"fee_head_id":{"type":"number"},"fee_head_name":{"type":"string"},"priority":{"type":"number"},"fee_structure_id":{"type":"number"},"due_amount":{"type":"number","dataType":"decimal","precision":10,"scale":2,"default":0},"cgst":{"type":"number","dataType":"decimal","precision":10,"scale":2,"default":0},"sgst":{"type":"number","dataType":"decimal","precision":10,"scale":2,"default":0},"igst":{"type":"number","dataType":"decimal","precision":10,"scale":2,"default":0},"status":{"type":"string","default":"Active"},"due_date":{"type":"number"},"fine_amount":{"type":"number"},"fine_basis":{"type":"string","default":"daily"},"term_start_date":{"type":"date"},"term_end_date":{"type":"date"}},"validations":[],"relations":{"section":{"type":"belongsTo","model":"section","foreignKey":"sectionId"},"user":{"type":"belongsTo","model":"user","foreignKey":"userId"},"dueshead":{"type":"belongsTo","model":"fee_head_master","foreignKey":"fee_head_id"},"term":{"type":"belongsTo","model":"term_name","foreignKey":"term_name_id"}},"acls":[],"methods":{}}
