{"name":"feedback_master","base":"Model","idInjection":true,"options":{"validateUpsert":true},"properties":{"remarks_name":{"type":"string","required":true},"remarks_category":{"type":"string","required":true},"remarks_icon":{"type":"string"},"status":{"type":"number","default":1},"schoolId":{"type":"number"},"added_date":{"type":"date"},"added_by":{"type":"number"},"isAdmin":{"type":"number"}},"validations":[],"relations":{"assignedfeedback":{"type":"hasMany","model":"student_feedback_remarks","foreignKey":"feedbackmasterId"}},"acls":[],"methods":{}}
