{
  "name": "financial_year",
  "base": "Model",
  "idInjection": true,
  "options": {
    "validateUpsert": true
  },
  "properties": {
    "start_date": {
      "type": "date",
      "required": true
    },
    "end_date": {
      "type": "date",
      "required": true
    },
    "added_date": {
      "type": "date"
    },
    "added_by": {
      "type": "number"
    },
    "status": {
      "type": "string",
      "default": "Active"
    }
  },
  "validations": [],
  "relations": {},
  "acls": [],
  "methods": {}
}
