{
  "name": "groups",
  "base": "Model",
  "idInjection": true,
  "options": {
    "validateUpsert": true
  },
  "properties": {
    "group_name": {
      "type": "string",
      "required": true
    },
    "user_type": {
      "type": "string",
      "required": true
    },
    "created_date": {
      "type": "date"
    },
    "updated_date_time": {
      "type": "date"
    },
    "status": {
      "type": "string",
      "required": true,
      "default": "Active"
    },
    "created_by": {
      "type": "string",
      "required": true
    },
    "sectionId": {
      "type": "string",
      "required": true
    },
    "subjectId": {
      "type": "string",
      "required": true
    },
    "sessionId": {
      "type": "string",
      "required": true
    },
    "schoolId": {
      "type": "string",
      "required": true
    }
  },
  "validations": [],
  "relations": {
    "have_users": {
      "type": "hasMany",
      "model": "user",
      "foreignKey": "groupsId",
      "through": "group_users"
    },
    "belgons_to_section": {
      "type": "belongsTo",
      "model": "section",
      "foreignKey": "sectionId"
    },
    "group_users": {
      "type": "hasMany",
      "model": "group_users",
      "foreignKey": "groupsId"
    },
    "belgons_to_subject": {
      "type": "belongsTo",
      "model": "subject",
      "foreignKey": "subjectId"
    }
  },
  "acls": [],
  "methods": {}
}
