{
  "name": "hygiene",
  "base": "PersistedModel",
  "idInjection": true,
  "options": {
    "validateUpsert": true
  },
  "properties": {
    "name": {
      "type": "string",
      "required": true
    },
    "status": {
      "type": "number",
      "required": true,
      "default": 1
    },
    "added_by": {
      "type": "number",
      "required": true
    },
    "added_date": {
      "type": "date",
      "required": true
    },
    "modified_by": {
      "type": "number"
    },
    "modified_date": {
      "type": "date",
      "required": true,
      "default": "$now"
    }
  },
  "validations": [],
  "relations": {},
  "acls": [],
  "methods": {}
}
