{"name":"imprest_request","base":"Model","idInjection":true,"options":{"validateUpsert":true},"properties":{"id":{"type":"number","required":true},"session_id":{"type":"number","required":true},"center_id":{"type":"number","required":true},"amount":{"type":"number"},"approved_amount":{"type":"number"},"approved_status":{"type":"number","required":true},"status":{"type":"number","required":true},"approved_by":{"type":"number"},"created_by":{"type":"number","required":true},"created_on":{"type":"date","required":true},"modified_on":{"type":"date"},"modified_by":{"type":"number"}},"validations":[],"relations":{"user":{"type":"belongsTo","model":"user","foreignKey":"created_by"},"school":{"type":"belongsTo","model":"school","foreignKey":"center_id"}},"acls":[],"methods":{}}
