{"name":"microschedule_master","base":"PersistedModel","idInjection":true,"options":{"validateUpsert":true},"properties":{"academic_session_id":{"type":"number"},"batch_start_date_id":{"type":"number","required":true},"test_date":{"type":"date","required":true},"course_mode_id":{"type":"number","required":true},"board_id":{"type":"number","required":true},"lms_boardId":{"type":"number","required":true},"class_id":{"type":"number","required":true},"lms_classId":{"type":"number","required":true},"subject_id":{"type":"number","required":true},"lms_subjectId":{"type":"number","required":true},"syllabus_data":{"type":"text","required":true},"added_by":{"type":"number","required":true},"added_date":{"type":"date","required":true},"updated_by":{"type":"number"},"updated_date":{"type":"date"},"status":{"type":"number","required":true}},"validations":[],"relations":{"sessionData":{"type":"belongsTo","model":"academic_session_master","foreignKey":"academic_session_id"},"batchdateData":{"type":"belongsTo","model":"batch_date_master","foreignKey":"batch_start_date_id"},"coursemodeData":{"type":"belongsTo","model":"course_mode","foreignKey":"course_mode_id"},"boardData":{"type":"belongsTo","model":"boards","foreignKey":"board_id"},"classData":{"type":"belongsTo","model":"class","foreignKey":"class_id"},"subjectData":{"type":"belongsTo","model":"lms_class_subject","foreignKey":"subject_id"}},"acls":[],"methods":{}}
