{"name":"refund_configuration","base":"PersistedModel","idInjection":true,"options":{"validateUpsert":true},"properties":{"fee_head_id":{"type":"number","required":true},"refund_on":{"type":"string","required":true},"refund_ratio":{"type":"string","required":true},"percentage_or_amount":{"type":"number","required":true,"default":0},"day_of_refund_in_days":{"type":"number","required":true},"status":{"type":"string","required":true,"default":"Active"}},"validations":[],"relations":{"head":{"type":"belongsTo","model":"fee_head_master","foreignKey":"fee_head_id"}},"acls":[],"methods":{}}
