{"name":"revenue_target_fee_term","base":"Model","idInjection":true,"options":{"validateUpsert":true},"properties":{"revenue_target_id":{"type":"number","required":true},"fee_structure_id":{"type":"number","required":true},"month":{"type":"number","required":true},"fee_term_id":{"type":"number","required":true},"amount":{"type":"number","required":true,"dataType":"decimal","precision":10,"scale":2,"default":0}},"validations":[],"relations":{"revenue_target":{"type":"belongsTo","model":"revenue_target","foreignKey":"revenue_target_id"}},"acls":[],"methods":{}}
