{"name":"student_fee","base":"PersistedModel","idInjection":true,"options":{"validateUpsert":true},"properties":{"fixation_id":{"type":"number"},"section_id":{"type":"number","required":true},"session_id":{"type":"number","required":true},"userId":{"type":"number","required":true},"term_id":{"type":"number","required":true},"fee_structure_term_id":{"type":"number","required":true},"feehead_id":{"type":"number","required":true},"group_head":{"type":"number"},"fee_structure_id":{"type":"number","required":true},"discount":{"type":"number","dataType":"decimal","precision":10,"scale":2,"default":0},"cgst":{"type":"number","dataType":"decimal","precision":10,"scale":2,"default":0},"sgst":{"type":"number","dataType":"decimal","precision":10,"scale":2,"default":0},"igst":{"type":"number","dataType":"decimal","precision":10,"scale":2,"default":0},"base_price":{"type":"number","dataType":"decimal","precision":10,"scale":2,"default":0},"base_price_after_discount":{"type":"number","dataType":"decimal","precision":10,"scale":2,"default":0},"amount":{"type":"number","dataType":"decimal","precision":10,"scale":2,"default":0},"fee_type":{"type":"string","required":true},"added_by":{"type":"number"},"added_date":{"type":"date"},"modified_by":{"type":"number"},"modified_date":{"type":"date"},"status":{"type":"string","default":"Active"}},"validations":[],"relations":{"dueshead":{"type":"belongsTo","model":"fee_head_master","foreignKey":"feehead_id"},"term":{"type":"belongsTo","model":"term_name","foreignKey":"term_id"}},"acls":[],"methods":{}}
