{
  "name": "studyplan",
  "base": "PersistedModel",
  "idInjection": true,
  "options": {
    "validateUpsert": true
  },
  "properties": {
    "schoolId": {
      "type": "number",
      "required": true
    },
    "sessionId": {
      "type": "number",
      "required": true
    },
    "sectionId": {
      "type": "number",
      "required": true
    },
    "subjectId": {
      "type": "number",
      "required": true
    },
    "attachments": {
      "type": "Text",
      "required": true
    },
    "status": {
      "type": "string",
      "required": true
    },
    "created_date": {
      "type": "date",
      "required": true
    },
    "modified_date": {
      "type": "date",
      "required": true
    },
    "userId": {
      "type": "number"
    },
    "classId": {
      "type": "number"
    }
  },
  "validations": [],
  "relations": {
    "assigned_sections": {
      "type": "belongsTo",
      "model": "section",
      "foreignKey": "sectionId"
    },
    "belgons_to_subject": {
      "type": "belongsTo",
      "model": "subject",
      "foreignKey": "subjectId"
    }
  },
  "acls": [],
  "methods": {}
}
