{
  "name": "user_feedback_frequency",
  "base": "Model",
  "idInjection": true,
  "options": {
    "validateUpsert": true
  },
  "properties": {
    "id": {
      "type": "number",
      "required": true
    },
    "no_of_days": {
      "type": "number",
      "required": true
    },
    "created_date": {
      "type": "date",
      "required": true
    },
    "created_by": {
      "type": "number",
      "required": true
    },
    "status": {
      "type": "number",
      "required": true
    }
  },
  "validations": [],
  "relations": {},
  "acls": [],
  "methods": {}
}
