{"name":"user_feedback","base":"Model","idInjection":true,"options":{"validateUpsert":true},"properties":{"id":{"type":"number","required":true},"user_id":{"type":"number","required":true},"feedback_for_id":{"type":"number","required":true},"feedback_subject_id":{"type":"number"},"feedback_json":{"type":"text"},"feedback_date":{"type":"date","required":true},"feedback_type":{"type":"number","required":true},"status":{"type":"number","required":true,"default":1}},"validations":[],"relations":{"user":{"type":"belongsTo","model":"user","foreignKey":"feedback_for_id"},"subjects":{"type":"belongsTo","model":"subject","foreignKey":"feedback_for_id"}},"acls":[],"methods":{}}
