{"name":"user_school","base":"PersistedModel","idInjection":true,"options":{"validateUpsert":true},"properties":{"userId":{"type":"number","required":true,"index":true},"schoolId":{"type":"number","required":true,"index":true},"user_type":{"type":"string","required":true},"status":{"type":"string","required":true,"default":"Active"},"created_date":{"type":"date","required":true}},"validations":[],"relations":{"assigned_users":{"type":"belongsTo","model":"user","foreignKey":"userId"},"assigned_schools":{"type":"belongsTo","model":"school","foreignKey":"schoolId"},"staff_users_lists":{"type":"belongsTo","model":"staff","foreignKey":"userId"}},"acls":[],"methods":{}}
